{
    "coc.preferences.extensionUpdateCheck": "daily",
    "coc.preferences.snippetStatusText": "🗽",
    "coc.preferences.messageLevel": "error",
    "diagnostic.errorSign": "\uf467💥",
    "diagnostic.warningSign": "\uf071💤",
    "diagnostic.infoSign": "\uf129💦",
    "diagnostic.hintSign": "\uf864💨",
    "suggest.completionItemKindLabels": {
        "class": "🧊",
        "color": "🎨",
        "constant": "🌿",
        "default": "🍂",
        "enum": "📌",
        "enumMember": "🔰",
        "event": "⏳",
        "field": "🧿",
        "file": "📜",
        "folder": "📁",
        "function": "🥨",
        "interface": "🍁",
        "keyword": "🌊",
        "method": "📚",
        "module": "🧩",
        "operator": "🎯",
        "property": "🧱",
        "reference": "🔗",
        "snippet": "💫",
        "struct": "💥",
        "text": "📄",
        "typeParameter": "🎃",
        "unit": "💬",
        "value": "🚧",
        "variable": "📯"
    },
    "codeLens.enable": true,
    "diagnostic.displayByAle": false,
    "diagnostic.checkCurrentLine": true,
    "diagnostic.virtualTextPrefix": "🐳",
    "diagnostic.virtualText": true,
    "coc.preferences.formatOnSaveFiletypes": [
        "json",
        "python",
        "rust"
    ]
}
